{
    "orphan_fills_count":  5,
    "fill_rate":  0.9011,
    "max_drawdown":  68.5499999999829,
    "trades_per_min":  109.8,
    "avg_pnl_per_trade":  0.758197
}