{
    "orphan_fills_count":  4,
    "fill_rate":  0.9015,
    "max_drawdown":  68.68099999995684,
    "trades_per_min":  109.4,
    "avg_pnl_per_trade":  0.755033
}