{
    "orphan_fills_count":  3,
    "fill_rate":  0.9015,
    "max_drawdown":  68.5499999999829,
    "trades_per_min":  108.6,
    "avg_pnl_per_trade":  0.752762
}