{
    "orphan_fills_count":  0,
    "fill_rate":  0.8992,
    "max_drawdown":  122.10000000001492,
    "trades_per_min":  109.47,
    "avg_pnl_per_trade":  0.876523
}