fill_rate,request_count,fill_count,slippage_min,slippage_max,slippage_median,slippage_mean,slippage_std,slippage_iqr,abs_slippage_median,abs_slippage_iqr,buy_slippage_median,buy_slippage_p95,buy_slippage_std,sell_slippage_median,sell_slippage_p95,sell_slippage_std,constant_amplitude_flag,fill_100pct_flag
1.0,357194,357194,-4.992511233174113e-06,5.000000000023874e-06,4.657332149012765e-09,7.017305077640689e-12,2.1588933178958846e-07,2.463967000387348e-08,1.859463594163753e-08,2.463967000387348e-08,1.8594687805710576e-08,1.799247198695411e-07,2.0784861248085705e-07,-1.8594584077564483e-08,-9.803919569875538e-09,2.0768388666198254e-07,NG,NG
